emotion,model,dataset,pitch,spectrogram,mel spectrogram,MFCCs,RMS,spectral centroid,spectral bandwidth,spectral contrast,spectral flatness,spectral roll-off,zero crossing rate,LPCs,tempogram,chromagram,pseudo-constant-Q transform,IIRT,variable-Q transform,constant-Q chromagram,wavlm
Happiness,coqui/XTTS-v2,TESS,0.6020980293685834,0.2912930731475353,0.8559762686491013,0.0657585035031661,0.6609080575406552,0.6791134043264077,0.8413928838445699,0.9316645929909574,0.235553179946728,0.6984240945067742,0.5593139874080855,0.9742765471339224,0.111271485463044,0.4325258013606071,0.645040812343359,0.9558032473921776,0.9042749986052512,0.6177502262592316,0.7988954812288285
Neutral,coqui/XTTS-v2,TESS,0.7199205118118575,0.2779868573695421,0.853423081934452,0.0284786398033611,0.7273141008615494,0.5932307196144342,0.8459111494965592,0.9348110164418136,0.1146778233733493,0.6603743177203728,0.4175503101002549,0.991932973265648,0.0776752835132667,0.3926588852703571,0.6403784553706646,0.9742398306727408,0.8811558133363724,0.5317104570567608,0.8640842181444168
Anger,coqui/XTTS-v2,TESS,0.8097242774159854,0.3574963142722845,0.9050253745913506,0.0455322645866544,0.7039372119307518,0.7727282373995208,0.9200803673118744,0.9444350874150016,0.2366694234893657,0.7697369845973193,0.6731709979882112,0.997732400894165,0.1770087935432747,0.4238066303730011,0.6958448687195777,0.9727324870228768,0.91497668415308,0.558625149577856,0.7770062550902367
Sadness,coqui/XTTS-v2,TESS,0.7686117132343125,0.3162625812739134,0.8922988799214363,0.0194829998974637,0.7301151067018509,0.6604595619674636,0.8732489245285996,0.9401918115148789,0.1758159506344236,0.694486491795229,0.5380015209493135,0.9786762955784798,0.1604462664458188,0.4056027738749981,0.5421181282401085,0.973310771882534,0.8977639874815941,0.556028487086296,0.8621510699391365
Fear,coqui/XTTS-v2,TESS,0.7882809919240082,0.3576826631277799,0.9094236579537393,0.0937626778427511,0.7498028349876403,0.7349440916841974,0.9311222528127402,0.9468348897450286,0.2013854810222983,0.756996382764604,0.5767109561242691,0.9867259088158608,0.1924767554158035,0.384410552456975,0.7197125779092312,0.9708524996042251,0.9085796183347702,0.5382755969464779,0.7362343342602253
Disgust,coqui/XTTS-v2,TESS,0.6730087413770082,0.2905440527200699,0.8708168894052506,0.0310767375095747,0.6306456257402897,0.6953030266856294,0.8730454318653961,0.9359801473483624,0.2274040832696482,0.7253294976697876,0.5566961758817864,0.9778433710336684,0.15716378512316,0.4726516862213611,0.6180302925407887,0.960623032450676,0.89701067507267,0.6291230012476444,0.8637486392259598
All,coqui/XTTS-v2,TESS,0.7030045023589383,0.3122065251107727,0.8780245460356985,0.0488625346297158,0.6980410421533244,0.6873757777316871,0.8793857051587476,0.9381556936018154,0.2041394287046777,0.717110283219362,0.552609105211113,0.98198059456689,0.1440671567676586,0.4225395647862128,0.6450314502205168,0.966077062870775,0.9003018997396741,0.5785910278132984,0.816667847526925
Anger,OuteAI/OuteTTS-0.2-500M,TESS,0.727716194583671,0.2268320321664214,0.9116850978136064,-0.0055314312578411,0.5813774244487285,0.7359131873061722,0.9526886250343763,0.9249220639890136,0.2205703237978741,0.7659019928843361,0.4919777692652511,0.9892916217446328,0.3058026564349669,0.4654609861969948,0.7083095216751099,0.972367568910122,0.902397263944149,0.5833086800575257,0.766439157128334
Disgust,OuteAI/OuteTTS-0.2-500M,TESS,0.7017194253825,0.1808677585609257,0.9071001943945884,0.0039443272362404,0.521559002622962,0.6553099950684484,0.944653022315445,0.9376490646675708,0.2760248307022266,0.7565413010176671,0.3549510824690018,0.9546741184592248,0.3403390106745078,0.5392359325289726,0.6357734839618207,0.9626012551784516,0.9000948509573936,0.6787560376524925,0.8402566400170326
Happiness,OuteAI/OuteTTS-0.2-500M,TESS,0.6412459735303792,0.201852004006505,0.9082049253582954,0.0184695072405884,0.692569339722395,0.6737377238572744,0.9392376562610888,0.9352644566734912,0.3070494850631803,0.7617679821424065,0.3775958581441507,0.962738419175148,0.3306210287470468,0.5179559044539929,0.6935997390747071,0.956149577498436,0.90533479064703,0.687442652285099,0.8506256532669068
Neutral,OuteAI/OuteTTS-0.2-500M,TESS,0.8193279889201281,0.2558857852965593,0.9228013271093368,0.0199826275288069,0.7816991177201271,0.7268112490837211,0.9455658407759384,0.9380233977706685,0.3036916829645634,0.8086602527322245,0.4741478409042876,0.9817269897460936,0.319274206284146,0.499981727451086,0.7015723851323128,0.9693486592173576,0.885697420835495,0.6161953446269035,0.8342922177910804
Fear,OuteAI/OuteTTS-0.2-500M,TESS,0.7247015650832074,0.2141183633729815,0.9164326697587968,-0.0021217563471873,0.6272985503077507,0.7050911754143208,0.9576519293043092,0.928215317835928,0.2154910698765889,0.7539289242533433,0.3955194051833757,0.9884799724817276,0.3166796527662415,0.4438258184492588,0.7156217408180237,0.9730822005867958,0.9017744880914688,0.5886935392022132,0.7413039126992226
Sadness,OuteAI/OuteTTS-0.2-500M,TESS,0.761508685617617,0.2006870893388986,0.9213506764173508,0.017678936961538,0.6586485670506954,0.6802947377932914,0.9428850600791616,0.9322040445415958,0.2805860027484596,0.7818847593309332,0.3782753813215153,0.9688272982835768,0.3369245466300459,0.4760760603845119,0.6206279696524143,0.9636527118086816,0.8927741459012032,0.6100238099694252,0.8518705472350121
All,OuteAI/OuteTTS-0.2-500M,TESS,0.7194903308309842,0.2103429377371711,0.91296165900571,0.0092302436390478,0.6477642788099391,0.6883256430358319,0.9459316001543068,0.9326671784471636,0.2629088802778694,0.7650583692797565,0.4036981225677987,0.972499115041324,0.3252239762543086,0.4954656633521829,0.6793202161363193,0.9650363690938268,0.8981900554895401,0.6339262433988707,0.8207023033925466
Anger,Plachtaa/VALL-E-X,TESS,0.6580820026214677,0.2116637242957949,0.9148424994945528,0.0226949646201683,0.5811167265288532,0.7032023580936333,0.9382096322439228,0.9296132365032236,0.2113719361950643,0.7556096872053601,0.4633796231991481,0.9658322126418352,0.3092889019747498,0.5150302426517009,0.7028532350063323,0.971652610898018,0.9082613542675972,0.5987272803485394,0.7677525363862514
Disgust,Plachtaa/VALL-E-X,TESS,0.6498432023268134,0.2129528279975056,0.909884975850582,0.0312280265361187,0.5872106275707484,0.6658438623627437,0.9159030035806908,0.9282216725213808,0.3280720245232805,0.7350978552451515,0.4389719682690983,0.9309217154234648,0.3315463170803758,0.5714577023684978,0.6343789801001549,0.9540132766962052,0.8987383061647415,0.6781627404689788,0.8040033191442489
Sadness,Plachtaa/VALL-E-X,TESS,0.6962598673730908,0.2208715410903096,0.9180833315849304,0.0222348984668497,0.6566742094233632,0.6623356205398423,0.9071470496710964,0.9224786262422938,0.3345698219630867,0.7275906325355286,0.4407721247680445,0.9486304932832718,0.343734485863535,0.5126282978057861,0.5995288200676441,0.9501799720525742,0.8912930950522423,0.6173533475399018,0.7860098491609097
Neutral,Plachtaa/VALL-E-X,TESS,0.7099345360230572,0.2032490590587258,0.9281217882037164,0.0244119376375238,0.6823459383100271,0.6645827786753651,0.9307226031180136,0.935852864450381,0.2638434771145694,0.7536930972229566,0.4130950187117084,0.9772087025642396,0.3388442491080734,0.5506190970540047,0.6558077529072761,0.9613990277051926,0.8955222767591476,0.6387633381783963,0.7842221461236477
Happiness,Plachtaa/VALL-E-X,TESS,0.6337343415508447,0.1916551860049367,0.906588301062584,0.0580190761384437,0.6606009078025817,0.6718537157600956,0.9188083947952062,0.9323829349328492,0.3940820826776325,0.7572764774444442,0.4527846416176906,0.9567155122756958,0.3212781472747287,0.5546599869430066,0.6698774136602879,0.952955314218998,0.9002398887276649,0.6826519384980202,0.7900141558051109
Fear,Plachtaa/VALL-E-X,TESS,0.7055096203042427,0.2167316303029656,0.9183275187015534,0.0683810400596121,0.6580668747425079,0.6823179695289422,0.9341602683794924,0.929795112224244,0.2804764620121568,0.7546860327685136,0.4235611273022412,0.9692398470640182,0.3057878645630627,0.4928701023757458,0.6863451133668422,0.9572619035840034,0.9037952169775962,0.6123237082362175,0.7237719921767711
All,Plachtaa/VALL-E-X,TESS,0.6725040761376554,0.2097670257357614,0.9154358679481917,0.0410050030702976,0.6463683054729231,0.6766519572100853,0.9246308791664478,0.9308572876641668,0.3113893106789328,0.7491830660058179,0.4445869117451932,0.9578617032936642,0.3235941902227595,0.5389603217371872,0.6614398144398417,0.9582675581318992,0.9002658594506128,0.6436825942567417,0.7831796648672649
All,OuteAI/OuteTTS-0.2-500M,LS Clean,0.6094057167289444,0.2609116778960806,0.9259390328904143,0.048555614393163,0.6969681976528095,0.7674492080721121,0.9318417309732568,0.9365477676180572,0.3228659927301137,0.8197740013398843,0.6114891362278956,0.971968478361102,0.5159054782957004,0.6036282086645374,0.6706908471939218,0.9549574700475648,0.9001918215560549,0.7167467890236214,0.8835977457577491
Anger,coqui/XTTS-v2,CREMA-D,0.4908116454438432,0.2854561943593439,0.8765556257019559,0.0162507402191329,0.5529061787766935,0.807237468440108,0.9169923201520668,0.945820582431768,0.2703049375187359,0.8119122638127312,0.6871983163659697,0.981829622053588,0.2087723771026,0.5732196589358383,0.6763641547616172,0.9578428545828936,0.9080441753448903,0.7833828729301003,0.7961825932077501
Happiness,coqui/XTTS-v2,CREMA-D,0.4640990655178256,0.3215936946259572,0.909853965684167,0.0094135056263562,0.6007452515785953,0.8225164458852615,0.926161508576912,0.9505953608182944,0.2872899082832352,0.8037929422192306,0.7183341061934464,0.9723701340012258,0.2486434122015619,0.5989624387040059,0.6974523325192141,0.9594622315066906,0.918495128054228,0.8140235864272076,0.7968606377226451
Neutral,coqui/XTTS-v2,CREMA-D,0.4577630048506546,0.3477056013220964,0.9212690889558128,0.0068914513114577,0.6633663097301195,0.8040128340391793,0.9234940405492112,0.9543187703839124,0.2768419564879217,0.7735791917931807,0.7167106842840177,0.9624096000749012,0.2548984792544766,0.6294258225795835,0.7218864902507427,0.9625414068199868,0.9191051693295323,0.8418723457913067,0.8241177238419999
Sadness,coqui/XTTS-v2,CREMA-D,0.3598572869689858,0.3760435916216675,0.9210788738471511,0.0128751752507545,0.7043875836268625,0.7954697519877696,0.9249976793929814,0.9553153302793204,0.2769858219972741,0.761807900188822,0.7068957719891514,0.9399874697105224,0.2604148125113129,0.6542086326469005,0.7345043077484046,0.962120655849991,0.91433071568549,0.8607701421637524,0.8071732487034589
Fear,coqui/XTTS-v2,CREMA-D,0.4397833210328905,0.3240748558166772,0.9090769958571964,0.0071218847090053,0.5970797791555464,0.8050877931794814,0.9298110585268866,0.951660854914927,0.2726062075557245,0.791917075316974,0.6864042761750917,0.950723001808995,0.2424748778220285,0.6114478393405225,0.6880158800024216,0.963309633134373,0.9180137360484808,0.8193192743268768,0.8052442707803008
Disgust,coqui/XTTS-v2,CREMA-D,0.3352416240831127,0.3122028112678226,0.8947377128077577,0.0041951236394707,0.6029590617631196,0.7896160351844179,0.9178560743084836,0.951666177796024,0.2713615036626586,0.7750358201735345,0.6728541520987409,0.9509448122437644,0.2324641235284492,0.6362680099317737,0.6821064952592008,0.9590729134084692,0.9082271343863192,0.8430918041637424,0.8090679615901971
All,coqui/XTTS-v2,CREMA-D,0.4237724129924052,0.3273550345203029,0.905037005464344,0.0095214459200855,0.6191742726318215,0.8039894914947222,0.9232119735426312,0.9514946968895116,0.2758750564741406,0.7866564395827125,0.697605172621342,0.9596440360233512,0.2409412033122506,0.6169544469808107,0.6995150872384724,0.9606800313796038,0.9142522343960792,0.8267107996603716,0.8060039597988614
Disgust,microsoft/speecht5_vc,TESS,0.7970367154629554,0.3991438989341259,0.9381561490893364,0.0651274432975333,0.7480778858065605,0.8696227135088642,0.9431745441407314,0.9395278481714052,0.6094138095527888,0.8498514880062258,0.8168467225814148,0.9683043199777605,0.3638164872067866,0.5273304487764835,0.6639537590742112,0.9663904258608818,0.9118243685364724,0.6519915229082107,0.8781103238463401
Anger,microsoft/speecht5_vc,TESS,0.8482165338450447,0.4116278985142708,0.931004569232464,0.0834811245370656,0.7735723260045052,0.8593915108281871,0.96450661434279,0.946721488097896,0.4196886395290494,0.8536267422198628,0.7530562639064278,0.9906446340680124,0.2867342654080036,0.521500268727541,0.7229318776726723,0.9702810999751093,0.9140950310230256,0.6411645126342773,0.8246713350713253
Neutral,microsoft/speecht5_vc,TESS,0.8774834940623769,0.4033252654969692,0.9451778408885002,0.0497779674071352,0.8467313277721406,0.7776153362107658,0.942778010171863,0.9450530315216484,0.3266870143357664,0.8105835436718044,0.6564670888272025,0.9809078177809716,0.3054780548489579,0.5049266582727432,0.6897629940509796,0.9772005251049996,0.9024328717589378,0.5799933387339116,0.8881981021165848
Sadness,microsoft/speecht5_vc,TESS,0.8627641151008264,0.4152595694363117,0.950888506770134,0.0257356536474253,0.8217767781019211,0.8252221445875785,0.9491602576819328,0.943432568588822,0.5307570884004236,0.8263182282401033,0.7512244073348943,0.9680634778738022,0.362871172968529,0.480893027484417,0.6077194356918335,0.9751677870750428,0.9098640859127044,0.5896534942090511,0.8519679871201515
Fear,microsoft/speecht5_vc,TESS,0.8689052391130567,0.4378229092061519,0.9411132675409316,0.1191182028071489,0.8197639432549476,0.8628328000867528,0.9659357778367909,0.9481696262598046,0.5091221563611179,0.859139573506435,0.7674173331895999,0.9936399549245836,0.2772907877403542,0.497040936499834,0.7576657068729401,0.9720407384634018,0.9140738496184349,0.6261941178143025,0.8392057260870933
Happiness,microsoft/speecht5_vc,TESS,0.7860388125852998,0.4200369802117347,0.9350060051679612,0.1498527332954108,0.7679296162724495,0.8966441631940408,0.9521589037426508,0.9408718665412564,0.6490916194021702,0.8732244095299795,0.86330052814352,0.9860227411985396,0.3215859651735478,0.5295132748782635,0.7179721629619599,0.9618428072333336,0.9177880156040192,0.6849308866262436,0.8329237650334835
All,microsoft/speecht5_vc,TESS,0.8282855069517983,0.4127323574679238,0.9392448757801736,0.0897973886279214,0.7942483753391675,0.8510007217942773,0.9526052844644448,0.9432896399817484,0.5152882688785237,0.846926493055181,0.7741815598873245,0.9808470769865172,0.3211011293261434,0.5131207350747926,0.6955419015032904,0.9694511400801796,0.9118337844099316,0.6349043384407248,0.852068187722138
Neutral,OuteAI/OuteTTS-0.2-500M,RAVDESS,0.5158019240435188,0.2778019297503583,0.9327177010152652,0.0856854129090646,0.6334172618893639,0.8178571719867725,0.9055422424267164,0.9369063087579208,0.5098877009004354,0.8466740632705217,0.7323193912423244,0.9581473158753436,0.3294480810681066,0.684768334031105,0.7086242311710046,0.970043016516644,0.9339575624984244,0.7870117063107698,0.7910849231740703
Disgust,OuteAI/OuteTTS-0.2-500M,RAVDESS,0.4444968262062012,0.2903537259588011,0.9237924214938412,0.1085120600878524,0.6085077889845302,0.8164603770444402,0.9237960275472596,0.9371291484854478,0.4610019561672664,0.8619958968616013,0.684755532199327,0.9292715826760168,0.3499926109247677,0.6755148130266563,0.6763571178267818,0.9690628498792648,0.932179289991441,0.7920580117598824,0.7588156829385654
Anger,OuteAI/OuteTTS-0.2-500M,RAVDESS,0.5695588882695438,0.2957421698980992,0.9282879858561184,0.155492951701213,0.6157274050129634,0.8569141359393092,0.9324612673283994,0.9340823602737482,0.4836471903583277,0.8877622175244761,0.7302385460617014,0.979628745952378,0.3444438064023986,0.6544234423857668,0.6765269706754976,0.9684413878814034,0.9376161192422328,0.755300742128621,0.7815241617677005
Happiness,OuteAI/OuteTTS-0.2-500M,RAVDESS,0.6081447728369767,0.2945485426840635,0.9307093228334966,0.1467157862017579,0.6842495144385105,0.8423826786540572,0.9258679555708774,0.9356452598734436,0.4981583023605787,0.874319535102929,0.7221057114047322,0.969310059171656,0.3428936682162132,0.648409621871036,0.6893291866258748,0.966594054647114,0.9345633504183396,0.7549900778609774,0.800436030101517
Fear,OuteAI/OuteTTS-0.2-500M,RAVDESS,0.5423553550606895,0.2795446889760409,0.924275797346364,0.1473948826548977,0.6340234728739801,0.8577610985184806,0.9382806583382346,0.9385379261786476,0.4632855486124754,0.8891687243554429,0.7532718792114639,0.9591466628986856,0.3221885990013775,0.645373561622008,0.6640532621054065,0.9531385882393174,0.9361904195469358,0.7645868195787721,0.7388109806925058
Sadness,OuteAI/OuteTTS-0.2-500M,RAVDESS,0.4961842503164399,0.2860881890899137,0.93156693616639,0.1097632278759429,0.6381076558166608,0.8170265674082006,0.9241676391200204,0.9375501275796678,0.4866877482070223,0.8582892235773959,0.7115560876441996,0.9377448749930962,0.3445768006287623,0.6710922109044116,0.6929991824524578,0.9604035800565844,0.9348117113113404,0.7792711228780125,0.7630170018452666
All,OuteAI/OuteTTS-0.2-500M,RAVDESS,0.5259580120776807,0.2875283876011902,0.9278333966714748,0.1240687624151257,0.6336580822198641,0.8309698651854789,0.9244474255166084,0.9369221691436064,0.4851416875729742,0.8675591345437574,0.7168188466786883,0.9519741746826448,0.3383625291093043,0.6627841909078585,0.6813184364136997,0.9616235355536144,0.9347634813923766,0.7728826132373533,0.7696252558218396
All,WhisperSpeech/WhisperSpeech,LS Clean,0.5862593322555004,0.2315814154435887,0.9091300545302966,0.0261318504067477,0.6400394044077123,0.7485049630853337,0.9237657736447554,0.935858018963268,0.2655154053792748,0.8037258093300618,0.5912811439650205,0.9628094318258852,0.5070922630947683,0.5694418358325049,0.638831388597725,0.95312036553412,0.8880821878900965,0.6836250208488858,0.90141712555676
Fear,Plachtaa/VALL-E-X,CREMA-D,0.5704920328829052,0.3664252157000767,0.9522322837378928,0.0231251983727949,0.6668116576116097,0.8317067860877178,0.948983947216136,0.9505489014961004,0.3261194365705136,0.8333464271843326,0.700291951243159,0.9133326284522184,0.3380481272281743,0.5588061405536952,0.7407558302179441,0.9605485657993156,0.9291639238856764,0.7745659253193257,0.720700593545215
Sadness,Plachtaa/VALL-E-X,CREMA-D,0.5104039179165981,0.4104971818643709,0.9559265909065968,0.0202606038529103,0.7266441102398229,0.8296215743992201,0.9443070800866288,0.9491441193063443,0.3401994065736482,0.8156441855018725,0.7112451772335798,0.9020817526745816,0.3424884505413286,0.5765154652872442,0.7592001629899965,0.955907092743102,0.9243310479389456,0.8033826918761314,0.7296295889854052
Anger,Plachtaa/VALL-E-X,CREMA-D,0.6292336741431095,0.3225394758449937,0.9403011224150372,0.0372699617284941,0.6501524703386007,0.8382187081091649,0.9482930300015404,0.949564773778866,0.3022111417576019,0.8494523248898891,0.7106265238777338,0.958268625520958,0.3536139214474607,0.5448318111488719,0.7174283153449341,0.9613509364040864,0.9268811225132424,0.7494285465614513,0.7487598851904
Disgust,Plachtaa/VALL-E-X,CREMA-D,0.4729366356302717,0.3590032397373005,0.9507958186744412,0.0174919390334208,0.6743004173158935,0.8248394005101065,0.944019295166766,0.9505409824118474,0.3124983017210602,0.8251595765992789,0.6906449295662391,0.9151605836863356,0.3525879304221533,0.5757370797432693,0.7316609210643678,0.959232241887371,0.9265955084358404,0.7948291045194973,0.7388102988236085
Happiness,Plachtaa/VALL-E-X,CREMA-D,0.5915286134104772,0.3484079895382517,0.9474407083569012,0.0237288289385497,0.6630874636717135,0.8403708743331761,0.9441095182963076,0.9508139417548404,0.308889905742074,0.832644322147252,0.7243910559564909,0.9426364635273684,0.3390126794081232,0.5489862772710947,0.7340645928442621,0.9602706111795672,0.9280646266497216,0.7653154085909647,0.74572696774463
Neutral,Plachtaa/VALL-E-X,CREMA-D,0.6026684341855955,0.3718457414660343,0.9530300072736518,0.0156912781138284,0.6993921588742456,0.8268234650779,0.9397755232399924,0.9515735389637154,0.3171341828863288,0.8135142549345059,0.7150460155546258,0.9295296727086222,0.3398203954380174,0.5632930363887965,0.7522911629288696,0.9593792161276176,0.9263884074188942,0.7907400279821352,0.7670509213624999
All,Plachtaa/VALL-E-X,CREMA-D,0.5618932504547012,0.362904030183563,0.9498783680164944,0.0231069191037447,0.6795867788853407,0.8320564138127785,0.9450418160377156,0.9503344757951396,0.3178595671746576,0.8286589806130616,0.7085508711321828,0.9267683187317428,0.3443717485282948,0.5613138748697288,0.7389106042095986,0.959449814332892,0.9269168584729018,0.7794375377585706,0.7411547961503105
Disgust,microsoft/speecht5_vc,RAVDESS,0.3007607070425173,0.0733916096581632,0.8353523508362148,-0.0139247769396245,0.2273691055154853,0.8302515737982443,0.9219653237364074,0.9320521206483064,0.4152774473895197,0.8631785950144242,0.6587130816337797,0.9600208058305408,0.3667878071437681,0.7012471556663513,0.3417186614773843,0.9556220251580944,0.8771230312793151,0.793468771421391,0.827287059115327
Neutral,microsoft/speecht5_vc,RAVDESS,0.3040461626244867,0.0456548261446068,0.8494759150173353,-0.0554884004510392,0.1243058858925233,0.8292897967627546,0.9059185210137252,0.9264704458397118,0.4300704466421967,0.8355644819823324,0.6665294619373558,0.9738134605729062,0.3794321607622266,0.6990267670024997,0.2466488838924662,0.9591699119495308,0.8711047651975051,0.7601048596527266,0.8697293821884238
Sadness,microsoft/speecht5_vc,RAVDESS,0.3024784762789411,0.0650408695092546,0.8569294619171516,-0.0330084115994395,0.1843912492103813,0.8360905579275343,0.9215922728747832,0.9324566990021744,0.4257906673314131,0.8557387356798433,0.6655007776817574,0.9634693618053976,0.3696763716710133,0.6809441173530143,0.2997635561345226,0.9623593713926232,0.8840749788543453,0.7630849211760189,0.8382751876893251
Fear,microsoft/speecht5_vc,RAVDESS,0.2903134590536902,0.0651406806162254,0.8446288989937824,-0.036199636146826,0.1490118127840105,0.8583843160045567,0.935306514657698,0.9327841248036352,0.4348699388539661,0.8758718214689132,0.6953690677789455,0.9796842641156652,0.333659310161785,0.6591992342601651,0.2713716535262115,0.9627950476563496,0.8910684851200684,0.7622068252252496,0.7736889636548965
Happiness,microsoft/speecht5_vc,RAVDESS,0.3300631299280271,0.0687426032533909,0.8359771108497744,-0.0107064113653905,0.1766081788050739,0.8548687671217471,0.9211045373464668,0.9251142311706582,0.4188807113501041,0.8666751533137366,0.6991639102442969,0.981170638423899,0.3155747655814258,0.6614228558281193,0.284141237007292,0.9594406773862632,0.8824970356148222,0.7621483226185259,0.8361196145415306
Anger,microsoft/speecht5_vc,RAVDESS,0.3529510487131272,0.0945196446567854,0.8218882297692092,0.0137275419570157,0.259634407835066,0.8700722592026319,0.9316045855016862,0.9290718340720252,0.4286765297064963,0.8895892565859694,0.7201170492374004,0.9891791437631068,0.296433419578976,0.6751792753196281,0.3759894614492584,0.9607624965517416,0.8851269366948501,0.7804309761394626,0.8128430684623511
All,microsoft/speecht5_vc,RAVDESS,0.3090133648433826,0.0663481160949416,0.8393885086412015,-0.0272547781679284,0.1801827097101984,0.8431360185175863,0.9223005103706104,0.9301228037755064,0.4252827585283397,0.8618386892187073,0.6773438306739089,0.9712671221166416,0.344481546490675,0.6812827772420386,0.2931188881967513,0.9595556600370267,0.8810814870872359,0.771263183027074,0.8265496380195237
Neutral,OuteAI/OuteTTS-0.2-500M,SAVEE,0.4083962880187957,0.2409712748395072,0.945275882879893,0.0064592871899043,0.5999996547897657,0.6534431882687539,0.8543573862536384,0.9411892289828812,0.2542288281333943,0.6145877595736645,0.5896914634605201,0.8865939325756497,0.3653847183958302,0.7097596592373319,0.6321788094109959,0.8678118771976895,0.9187651634216308,0.7911721428235372,0.5590716578894191
Anger,OuteAI/OuteTTS-0.2-500M,SAVEE,0.5139648781589106,0.274726830340094,0.9279051860173544,-0.0185112378042605,0.574660208572944,0.7195982709931228,0.8891205026577634,0.9418649472298664,0.2757899343139595,0.7140167784506285,0.5775082811720198,0.8190145588583416,0.3629439520818595,0.6473901285065545,0.6466502795616785,0.922122942076789,0.9114802122116088,0.7640730526712206,0.5696426024039586
Sadness,OuteAI/OuteTTS-0.2-500M,SAVEE,0.3971402820701426,0.2735475341478983,0.9510493410958184,0.0346511258976534,0.5781467275487052,0.6823359680748302,0.877893986247886,0.9400743579529935,0.3091187534232934,0.6304174459999881,0.5954090006462139,0.8327889694107904,0.3636298940443461,0.7041476706663767,0.6605911711851756,0.8380918714735243,0.9262385196155972,0.7791765438185798,0.529059581624137
Fear,OuteAI/OuteTTS-0.2-500M,SAVEE,0.5898574060319395,0.2579753368265099,0.9374427821901108,0.0108513468307339,0.6108021987809076,0.6661718637780198,0.8733830602090294,0.9416601897261242,0.2429022187367081,0.6341489649294273,0.5901352167952392,0.942165176735984,0.3929892203022982,0.6099252223968505,0.6062942766480975,0.8843030254046123,0.9204436951213412,0.7212719400723775,0.5965210040410359
Happiness,OuteAI/OuteTTS-0.2-500M,SAVEE,0.4342284866609397,0.2287136926833126,0.9338449875513712,-0.0140397761534485,0.4981054599086443,0.6822180961253831,0.8824324201812084,0.940698202042114,0.1850120418187644,0.6828521967171782,0.5386794139727458,0.8051995320452584,0.366000367569553,0.6412090950542026,0.6031108972099092,0.966094496515062,0.9180417127079434,0.7644323468208313,0.5436141133308411
Disgust,OuteAI/OuteTTS-0.2-500M,SAVEE,0.4320051765537841,0.2437613704966174,0.9199478374587164,-0.0082016362110152,0.5460889200369518,0.6689764181891252,0.8404541431333544,0.9208203817124614,0.2541460374784138,0.6153078992991703,0.5701457220896895,0.8559374180104997,0.3477439500467357,0.6793669270144569,0.6110630591710409,0.8565374506844414,0.8988952345318264,0.7682992272906833,0.4716840803623199
All,OuteAI/OuteTTS-0.2-500M,SAVEE,0.4616501711105463,0.2569259121444904,0.9373248370157348,0.0038919094645987,0.5751088708949585,0.6800351400473295,0.8712512345410451,0.93864808023594,0.2527046488753209,0.6485920820977461,0.5768057745707135,0.8610161870304082,0.3645574612616211,0.6711323274506463,0.6323093505369293,0.8828654112087355,0.9170375608735616,0.7688135277893808,0.539409879139728
All,Plachtaa/VALL-E-X,LS Clean,0.581803456805352,0.2450763379742626,0.9208452057292444,0.049354186749372,0.6809625453792001,0.7607538987100931,0.9255574322339146,0.9380986751610718,0.3198939480097211,0.8133614527461751,0.6056879443652454,0.9747467395231014,0.5029662964000507,0.5966450003267244,0.6499345144527104,0.9558902472030116,0.8991081632503116,0.7146326775086745,0.9009997314169208
Disgust,Plachtaa/VALL-E-X,SAVEE,0.6478416135022586,0.2094129222962591,0.927752657731374,0.0151996170371098,0.6927602450052898,0.5913891082733025,0.820759264140374,0.9427807115716332,0.1440693157621556,0.5471440718916409,0.52643102063793,0.9925814867019652,0.437159630815782,0.6279997799131606,0.6319491922855377,0.9460568997595046,0.9090734243392944,0.7271638247701857,0.7540619634919696
Anger,Plachtaa/VALL-E-X,SAVEE,0.6456447790807822,0.2417632718880971,0.922234935230679,0.043535922372151,0.6806433022022247,0.6405553781387705,0.8646467508047775,0.943496798780328,0.1224034005776047,0.6333843847116978,0.4987290138944953,0.9959985150231256,0.4034669314907445,0.6206416540675693,0.6690991865264044,0.9650636898146736,0.9078587333361308,0.7186772015359667,0.7645362178484599
Fear,Plachtaa/VALL-E-X,SAVEE,0.6973588764528367,0.2557955943875842,0.9297226309776306,0.0343748834475667,0.692007632388009,0.6424391424073164,0.8580698646258977,0.940796663692568,0.1479394729145699,0.6041102379409018,0.5529078997110349,0.9978665908177694,0.4350082741902198,0.5934318052397833,0.637929544183943,0.9688522974650066,0.915280689133538,0.6840309262275696,0.7868249668015375
Sadness,Plachtaa/VALL-E-X,SAVEE,0.6758773769275158,0.2181661438610818,0.9366040057606168,0.0135939033491821,0.7333218475182851,0.5851396102930047,0.8152519894242332,0.9410363256819412,0.1494622439456482,0.5138879932436669,0.520992158362152,0.9955180711216396,0.4344993947667795,0.6254310495323605,0.6365752498308818,0.9701993293232388,0.9111549192004732,0.7123067511452569,0.7629098693529764
Neutral,Plachtaa/VALL-E-X,SAVEE,0.6355950374981324,0.2209870156314637,0.9328841620021396,0.0198165323947452,0.7630815227826436,0.5914958709175464,0.8151830445700832,0.9428176017587134,0.1470752716323153,0.534648320661178,0.5413605957211763,0.997665759589937,0.3969860334425708,0.6541534774833255,0.6574722435739305,0.9679737779829236,0.906288492679596,0.7449899077415466,0.7875953031910791
Happiness,Plachtaa/VALL-E-X,SAVEE,0.641738988084285,0.2415675847066773,0.923827318350474,0.0417284428478322,0.6660384343730079,0.6261516034895073,0.8428133394499752,0.940678506904156,0.1085170053566495,0.5917707995410116,0.5488761119150579,0.9992747704188027,0.417355178740289,0.6074394994311862,0.6351502915223439,0.9662254333496094,0.9116169055302936,0.7034843325614929,0.7603409793641832
All,Plachtaa/VALL-E-X,SAVEE,0.6515961546854487,0.2304729973069495,0.9290626178185144,0.0282155802372168,0.7096644308831956,0.6094803527441421,0.8354982362079497,0.9418655082077269,0.1365605526978874,0.564751804991994,0.5308643961691484,0.995830724802282,0.4172754680939222,0.6248925582402283,0.644925528847509,0.9650345390041668,0.9106122488776844,0.7181928349865807,0.7674274880439043
Fear,WhisperSpeech/WhisperSpeech,CREMA-D,0.4319569620701083,0.3146253529944966,0.9365036478095712,-0.0037689968312355,0.5812437574637723,0.8420017155569605,0.9482225517129872,0.946876653483154,0.3439272329486853,0.8501561982824987,0.7275281533811716,0.9066212376551488,0.3334935575181481,0.5886335320290631,0.7055646694645392,0.9592325064807822,0.9186442728638174,0.7688998886300347,0.7246028525353236
Neutral,WhisperSpeech/WhisperSpeech,CREMA-D,0.4337519235880123,0.3331195210370906,0.9388770447220912,-0.0059808129409523,0.6303365324402964,0.8378013036907302,0.9386641162230333,0.9488572018212852,0.3338528471041557,0.8337183551177263,0.7407081067846772,0.9182261504406152,0.3324463327228497,0.6052229164090267,0.7276980685633282,0.9570267196034276,0.9168226152797078,0.7932902124870655,0.7458683125778686
Sadness,WhisperSpeech/WhisperSpeech,CREMA-D,0.3701639186973969,0.3555382515408258,0.9442456033178616,-0.0144671453229745,0.6652693433380354,0.837565394592148,0.945912305398273,0.949820682263956,0.3581965726340158,0.8352956293453716,0.7269573487513243,0.8945248580301386,0.3357167620585872,0.6211902796273774,0.7297245040713745,0.9579314013843796,0.9172898569368804,0.8049056566036592,0.7248956540046747
Happiness,WhisperSpeech/WhisperSpeech,CREMA-D,0.4127709924583148,0.3127245593848642,0.9304101820397964,0.0094201060385285,0.5784976244470669,0.8509466539207196,0.9412746170767182,0.945892104955826,0.3272997606160414,0.849776303479013,0.7524369633703908,0.9337387460690694,0.3297691564633264,0.5887073995627007,0.7103867461118039,0.9561380723590592,0.915691613344892,0.7723261846041243,0.7200776870372092
Disgust,WhisperSpeech/WhisperSpeech,CREMA-D,0.3170804922434133,0.3142459582931576,0.9340830905720082,-0.0085932842301931,0.589074709173366,0.8401556678644047,0.9425780415023498,0.948827921359267,0.3418482532732147,0.8445572769109921,0.723844552643601,0.8976337431486201,0.3347877944802376,0.6247501610144794,0.6961628719867935,0.9548419809284528,0.9153849714885368,0.8077995848257388,0.7272355288456809
Anger,WhisperSpeech/WhisperSpeech,CREMA-D,0.4349446144696686,0.2861073184565788,0.9168244770527264,0.0267799965319031,0.5436618898594389,0.8530897339887797,0.943265052948707,0.943961479856002,0.3296388629305287,0.8658344133991676,0.7556489038301278,0.9413349937022254,0.3269927298156159,0.5768930371213548,0.7013998561988488,0.955168331295323,0.9103436221560506,0.7562690252525615,0.7304663506641024
All,WhisperSpeech/WhisperSpeech,CREMA-D,0.3992796143533034,0.3190540728311095,0.9333574786782264,0.0007268432139013,0.597214695515678,0.8437366403577122,0.943434565722694,0.9473359641642752,0.3392576818501212,0.8468738243577145,0.7377834278149639,0.9152754157650002,0.3321949902308844,0.6007926450677864,0.7114302179391455,0.956715662388698,0.9156683033656168,0.7836832616437712,0.7284370888439614
All,microsoft/speecht5_vc,LS Clean,0.5278307142933247,0.2405615161622711,0.910892164661684,0.0188843800083266,0.6039785206152609,0.785514802773373,0.9379421432417566,0.9422805947913916,0.3091439593732641,0.8356573883656576,0.6052222461431253,0.9760387778282166,0.5126600263857017,0.6312477030258142,0.6260997349040881,0.9499732430882126,0.8909860148229671,0.7329665072887909,0.9099412643727456
Anger,OuteAI/OuteTTS-0.2-500M,CREMA-D,0.650419637027304,0.3613926960613249,0.94599754770502,0.0506226495856327,0.7108736024427101,0.8541790552835155,0.962441370513852,0.9516320576625226,0.3407003567491079,0.8781881629549073,0.7217381087912815,0.9354862021778724,0.3404506340837213,0.5858212693304701,0.7793316449214279,0.9632136587975229,0.931714178554198,0.7826009022402403,0.7613086186426447
Sadness,OuteAI/OuteTTS-0.2-500M,CREMA-D,0.4014483411418253,0.4337708938069635,0.9645103032662932,0.0090172322223638,0.7727238369798888,0.8489531827915178,0.9651499921248798,0.9556774777846936,0.4225207778729658,0.8475288645164548,0.7323396201368048,0.8490597162878788,0.3353150781990342,0.6608112284657305,0.8079660821738657,0.9609945963182048,0.9343638799450372,0.8619991753816415,0.7100729920865053
Disgust,OuteAI/OuteTTS-0.2-500M,CREMA-D,0.4202690960164169,0.3874030071551494,0.958351493735302,0.0138027240823252,0.723412698272589,0.8430930086633118,0.9628811645650812,0.955868446101673,0.3976637679570804,0.853838988700336,0.715146467867524,0.8554052383821923,0.3437997534875228,0.6477651761321672,0.788962842266808,0.9619584000575324,0.9356801931878926,0.8506570016000606,0.7427979202003069
Happiness,OuteAI/OuteTTS-0.2-500M,CREMA-D,0.562086935667928,0.3820994977491805,0.95351797171595,0.0291485915705946,0.7178726441796659,0.8588959514764611,0.9602229680107974,0.9538082087618988,0.3968062737664725,0.8629553721743134,0.7413428453018555,0.9032035874352512,0.3323318664102657,0.6085971565880088,0.7882043934333106,0.9617950298905658,0.9342439021491398,0.8149002304177675,0.7370021733364228
Neutral,OuteAI/OuteTTS-0.2-500M,CREMA-D,0.5366406493969833,0.4008087828478148,0.9612594776929811,0.0149785689870301,0.7435321198785028,0.8403635684577871,0.958417182365593,0.9558698130460654,0.3867349726134954,0.840560562871971,0.7273065189206471,0.8804558745546396,0.3374775320970205,0.6313154781696408,0.7983768298182377,0.9628426631661348,0.936781247327494,0.8375689636829288,0.7636918325895486
Fear,OuteAI/OuteTTS-0.2-500M,CREMA-D,0.5113991455145784,0.4019476484296904,0.958904769891012,0.0231172309554641,0.7316876517263499,0.8526848857515318,0.9677867617540354,0.9555561450624528,0.3899465150502862,0.8644031984904391,0.7227186913070763,0.8719175586665113,0.3301783156103883,0.626614715622452,0.7990720331336927,0.963955447990551,0.9364632503229564,0.8274533568437648,0.7046493926665663
All,OuteAI/OuteTTS-0.2-500M,CREMA-D,0.5131436147281793,0.394416157169389,0.9569871631815382,0.0236572630679956,0.7330986499872423,0.8499256907116587,0.9629253625071468,0.9547073049712888,0.3891196567451318,0.8583416087963025,0.7267519938490767,0.8826407540698394,0.3365703038420515,0.6267096927349011,0.7935354749915069,0.9624505026023024,0.934827289932772,0.8289895711588147,0.7359169033801426
Happiness,coqui/XTTS-v2,SAVEE,0.6587510101632328,0.2416616986195246,0.8942557838228014,0.0483443000104873,0.6573143872949813,0.6274165611145761,0.8265870131061969,0.9431315635283456,0.1396424196660518,0.6045441343798834,0.5429005792537244,0.9987270130051508,0.2906241373219511,0.4961908943123287,0.6290607518619962,0.9670962320433724,0.9058436499701604,0.6530644337336222,0.8102392633756001
Fear,coqui/XTTS-v2,SAVEE,0.7238815960764081,0.228046648369895,0.9076928231451248,0.0434689019910163,0.6874402483304342,0.6199292682368814,0.8408653841404321,0.944967857552863,0.0989801676633457,0.593018893882591,0.5299903474324352,0.9983481142255995,0.3187889168312774,0.511747149626414,0.6339900553226471,0.9707209348678588,0.9119035018814936,0.6513117180930243,0.8159704632229275
Sadness,coqui/XTTS-v2,SAVEE,0.6763196894823498,0.2056401107046339,0.8831710351838006,0.0025511873908625,0.6861270599895053,0.5631091118416466,0.7777441808030281,0.9398264511071625,0.1363680246648275,0.5057378029130588,0.5639755343317469,0.9966746184560988,0.2212147686830042,0.5280690782599979,0.6095601664649115,0.9677063981691996,0.8938559081819323,0.6727580202950372,0.8211341593000624
Neutral,coqui/XTTS-v2,SAVEE,0.6225566088043328,0.2068327616486284,0.904387601216634,0.0102419733328537,0.7330237418413162,0.584051681404455,0.8019793750452804,0.9422082625265102,0.1137016824123242,0.5390255502176533,0.5604471827288748,0.9933621678087446,0.3045703300490963,0.5750566790501277,0.6512421747048696,0.9646481368276808,0.8945428497261472,0.7164550410376654,0.8224057575066884
Anger,coqui/XTTS-v2,SAVEE,0.658749091616956,0.2096529596381717,0.8963714573118422,0.0351884703166029,0.6392342547575632,0.6040876434748774,0.8237269176978755,0.9428169383084818,0.1083174067601147,0.6073919812919167,0.4646770048240389,0.997875792450375,0.2928640452024417,0.5037530197037591,0.6336891485585107,0.9665191266271804,0.9024941788779364,0.6784006343947516,0.8200704283184476
Disgust,coqui/XTTS-v2,SAVEE,0.6435497981981891,0.2006121420198016,0.890778558784061,0.004912308739343,0.6809322045909034,0.5723457484178907,0.7935758122893134,0.9406362960495208,0.101882256898615,0.5371643678736249,0.5269555812637023,0.9938604460822212,0.2736954057583372,0.5437241289350722,0.6311150378651089,0.9647423174646166,0.8974195308155484,0.7000979542732239,0.7989592260784573
All,coqui/XTTS-v2,SAVEE,0.6579703481693968,0.2158938579882184,0.8981032790409194,0.0247895946073943,0.6821387292610275,0.5971717765340696,0.8142416532846442,0.9423703887394084,0.1161067183320281,0.5657660537285109,0.5305202113993446,0.9962369301252896,0.2898275112802574,0.5287339809040229,0.6334040353695551,0.9668140171302688,0.9017290241188474,0.6806302199761073,0.8134700576464335
All,coqui/XTTS-v2,LS Clean,0.52874705576715,0.2298302498354598,0.8621877206190852,0.0351961522023556,0.6238468192603069,0.738726997633033,0.904830097072999,0.9391597938581036,0.2417512987188476,0.7907235625074255,0.5785371715656311,0.980786816764424,0.3657697535532083,0.5774996813926988,0.6241657075024288,0.951980002622568,0.8787309884342529,0.7137516688299543,0.8881450431037495
Anger,WhisperSpeech/WhisperSpeech,RAVDESS,0.4835747912718388,0.1764362576701071,0.8926900372557018,0.0610182125306971,0.4819284994155168,0.7918037853095607,0.906211971472797,0.935252209817788,0.3547593138747565,0.8093516864197621,0.6945363885370718,0.970969241598378,0.3252007286368502,0.5851200955069583,0.6037622949351436,0.961998193808224,0.9108656223701396,0.7269222697486049,0.6610225504264235
Happiness,WhisperSpeech/WhisperSpeech,RAVDESS,0.574751041864471,0.1816413460056418,0.898538485493349,0.0653514319084301,0.5189189555366402,0.7797354369500397,0.8929859529194267,0.9353383540119292,0.328491568909553,0.7909781062061247,0.6770719752254746,0.9571123081056968,0.3276060138614816,0.5626983778632205,0.5979515425860882,0.96017279735078,0.9088298069394152,0.7080326699044394,0.6706114515014316
Sadness,WhisperSpeech/WhisperSpeech,RAVDESS,0.5428065000176845,0.1809926349264772,0.9042314433533212,0.0503232451617646,0.5296291065118883,0.7563121803579699,0.8909073773550572,0.9369176164944064,0.3451764794147532,0.7774574405173391,0.670173908683734,0.9221658269348352,0.3266773072650574,0.5691936323824136,0.5901455041830954,0.9643263220787048,0.9087315956535548,0.7117381698411444,0.7156981192529202
Disgust,WhisperSpeech/WhisperSpeech,RAVDESS,0.4654317203660544,0.1708085808660025,0.8935506988478743,0.0498832852967018,0.5155893461373837,0.7414200235272657,0.8889704017412494,0.9370160732465213,0.3367262630844894,0.7733547993628984,0.640739817156303,0.9030652791261672,0.3266976580878103,0.5929476886015871,0.6030379938690559,0.9587248197716216,0.9076709523797036,0.7316555494199628,0.6935557319742182
Neutral,WhisperSpeech/WhisperSpeech,RAVDESS,0.5943148029477104,0.1843563930495925,0.8993601682393447,0.0415480131290994,0.5523494206692862,0.7664065841460193,0.8819542811329125,0.9330960532123108,0.3314531793939355,0.7767760651423232,0.6823319666728285,0.9523212968007378,0.3288803016553493,0.5761979662853739,0.591318411671597,0.9620694427386576,0.9009812079046084,0.7078327944745189,0.7583092098002848
Fear,WhisperSpeech/WhisperSpeech,RAVDESS,0.5525685543379226,0.1862595404862709,0.8998438246224237,0.0622979311821599,0.5243273306152095,0.7760166302592537,0.9002554346513084,0.9380055763660636,0.328887224956618,0.7856076571527422,0.6818124694649523,0.938758256966653,0.3299512950223058,0.5612054536847965,0.5937921417796094,0.962916842945244,0.91354889066323,0.7145340151113012,0.6773239288317121
All,WhisperSpeech/WhisperSpeech,RAVDESS,0.5315079506724364,0.1803310302072677,0.8968066943296488,0.0535393625661263,0.5205160091212694,0.7646171617702745,0.8919300550532822,0.9360336925314268,0.3380172761055924,0.7829562474498529,0.6684214765691429,0.9344421071418816,0.3275749196728993,0.5730410583533239,0.5953557636426843,0.9617139297551004,0.9084094085987064,0.7157046638105227,0.6971619477900474
Happiness,WhisperSpeech/WhisperSpeech,TESS,0.7596702523354256,0.3645416189730167,0.9315189075469972,0.1157109561609104,0.734064365774393,0.7877569978352963,0.9123261163127772,0.9336160224958292,0.4032660914212465,0.7917625867793845,0.6605016439266325,0.948328057527542,0.2854382391782806,0.4382546328008175,0.7647263994812965,0.9583437019586564,0.9135596731305122,0.5543294538557529,0.8068882483243942
Disgust,WhisperSpeech/WhisperSpeech,TESS,0.7048949217861606,0.3332965878397226,0.9303564873337744,0.060434704888612,0.753778492808342,0.7281412335487021,0.9256605311447156,0.935611076634856,0.2624766407627612,0.7723568327992516,0.5252848506186011,0.915336404144764,0.2828050576718237,0.4574942424893379,0.7742074808478355,0.9618934711813928,0.9145840981602668,0.5624056866765023,0.8044338193535805
Neutral,WhisperSpeech/WhisperSpeech,TESS,0.7646101949550151,0.3553535271435976,0.9352226027846336,0.0317899392677645,0.7739433234930039,0.6877141819576157,0.9197338114420508,0.9397535262637216,0.1401435492292512,0.7558289356039259,0.4811808934311354,0.9818368190526964,0.2797783126423142,0.4212423352897167,0.7351420193910598,0.9704495844244956,0.8993838450312615,0.5000511035323143,0.858728276193142
Sadness,WhisperSpeech/WhisperSpeech,TESS,0.7395736786714832,0.3703559998422861,0.9450263914465904,0.0191132301927427,0.7318178035318852,0.7108359070518625,0.9334517831404456,0.9412573597328308,0.2089602309581823,0.7580314924590357,0.5121617026849528,0.9638528436422348,0.2756033073985539,0.3946356163918972,0.7264937451481819,0.9728861901164056,0.914359006881714,0.5062893351912499,0.8007781876623631
Fear,WhisperSpeech/WhisperSpeech,TESS,0.822906340113745,0.3874931320548057,0.936573258638382,0.1015253440663218,0.8085586608946324,0.819285759677772,0.946667694212644,0.9419355074483048,0.4186001722328364,0.8182419672164103,0.7048088139261638,0.9854114973545074,0.2720563480240075,0.4431547629833221,0.7484584541618824,0.9688004797697068,0.9148154562711716,0.5731847667694092,0.8299854645133018
Anger,WhisperSpeech/WhisperSpeech,TESS,0.8319476726603257,0.3673427325487137,0.9323256766796112,0.0736046672798693,0.7866820368170738,0.8347305259422169,0.9411358842475938,0.9457124949487188,0.4762076413817703,0.8055851004748376,0.763338747111042,0.9961277785897256,0.2761063232098727,0.4781793536245823,0.7123312795162201,0.9708718985319138,0.9179642710089684,0.6089865079522133,0.8033595046401024
All,WhisperSpeech/WhisperSpeech,TESS,0.7579198959831891,0.3606887965968677,0.9345700915796415,0.0725110629542073,0.7618080700295312,0.7601404806537039,0.9303845612550494,0.937998881007456,0.3160641558074192,0.7837479474671422,0.6057021249197281,0.9588984733819962,0.2781108649696827,0.439084146959441,0.7444165714085103,0.9664457077213696,0.912574163206986,0.5485452264121601,0.8187938993956362
Happiness,WhisperSpeech/WhisperSpeech,SAVEE,0.6696240263641262,0.245479498969184,0.9249455094337464,0.0585147912717527,0.6494625826676687,0.6573738674600619,0.8647450628139423,0.9402473469195464,0.1411573825404048,0.6523620595949967,0.5562215087427687,0.989821105533176,0.4341379093284996,0.5095535470379724,0.6483034584257338,0.9661625504493714,0.9081565340360006,0.6488514078987969,0.7871939096185896
Neutral,WhisperSpeech/WhisperSpeech,SAVEE,0.6859813571059358,0.2098174042999744,0.9297937889893848,0.0126287681437032,0.714711688624488,0.618286151366384,0.8439332386578946,0.9402625152691813,0.1494032804543773,0.5997040153572737,0.5273354180942491,0.9836779356002808,0.4375241581240574,0.564638242787785,0.6523328138722314,0.9644406000773112,0.900811243057251,0.6875532375441658,0.7227595569358931
Sadness,WhisperSpeech/WhisperSpeech,SAVEE,0.7282169135731104,0.2057154602474636,0.9333672285079956,0.0075612569166373,0.6701201889250014,0.6084532290679199,0.8428715171920497,0.9388336826979986,0.1304872946399781,0.5714309481033034,0.4974037559217551,0.9819641258981492,0.449284379003223,0.5340284062756433,0.6201942602793376,0.9672237343258328,0.904458400938246,0.6567014323340522,0.7650102469656203
Fear,WhisperSpeech/WhisperSpeech,SAVEE,0.7279298381106939,0.2208096800578965,0.9262060403823852,0.0404697631230293,0.6516831212573582,0.6531438749422516,0.8712440062361066,0.9403968887381554,0.1793963821190926,0.6405234825463599,0.538919471970777,0.98831760485967,0.4513173749470425,0.5086230278015137,0.6252820359336005,0.967741252316369,0.9079494727982416,0.6333403839005365,0.8086767031086816
Anger,WhisperSpeech/WhisperSpeech,SAVEE,0.6940778071050232,0.2153734399212731,0.9208292762438456,0.0529221965853745,0.659892761045032,0.6397366072003627,0.8725722858610173,0.9404977466444424,0.156081906437046,0.6552203892564669,0.4798249371726305,0.9512872166103788,0.4088606499260599,0.5330197241571214,0.6528852449523078,0.9643661300341289,0.9060887191030714,0.6728870670000712,0.789923816257053
Disgust,WhisperSpeech/WhisperSpeech,SAVEE,0.6928598160851328,0.2054897654387686,0.9278731637530856,0.0168129335571494,0.6549080477820503,0.5953099457086346,0.8318841929330315,0.9400069168798272,0.1297365611626042,0.573779899950465,0.5076119530431519,0.9803763654496934,0.4491306530221231,0.5417945139937931,0.6309585253397624,0.9646383775605096,0.9037522541152108,0.6799232880274455,0.7578534126281739
All,WhisperSpeech/WhisperSpeech,SAVEE,0.6962891775415352,0.2166120409758554,0.9268650533424484,0.0323177051152015,0.6679838641650147,0.6291388003330118,0.8554417829724396,0.9399689721512788,0.1487977090278744,0.6150124603203612,0.5180682035332072,0.9805209653245078,0.4361092960045349,0.5342290486726496,0.6385651039580504,0.9655546486377716,0.9052023683985074,0.6641556059320768,0.7725277468148205
Sadness,microsoft/speecht5_vc,SAVEE,0.6212890767110246,0.2076250707109769,0.927034729056888,-0.0005811802179475,0.5577692376242743,0.6829066925151442,0.8624765172881806,0.9399896934884816,0.1680415311621295,0.6319432262595746,0.560927774475231,0.9988380021519132,0.4817999728642771,0.6323194583257039,0.549419617652893,0.9652992063098484,0.9024813983175488,0.7136748631795248,0.8001221928331587
Disgust,microsoft/speecht5_vc,SAVEE,0.5766326492814783,0.1952901982598834,0.922672884994083,0.0099003097495167,0.5645437247223324,0.6760822056050272,0.8541680456789389,0.9417532248011884,0.1758741615340113,0.6452385334469977,0.5289117049154167,0.9979943792025248,0.4371674351283445,0.6321948011716206,0.6007929510540433,0.9642289651764764,0.9051614827579922,0.7415013392766316,0.8113806671566434
Fear,microsoft/speecht5_vc,SAVEE,0.6363042463440903,0.2153778814607196,0.9220476084285312,0.0330245993837403,0.5813353975613912,0.6869514020644266,0.885328275990897,0.9401743915165558,0.1806159514933824,0.6743221224536369,0.5282312292301847,0.997895512315962,0.4571713863523924,0.5709590295950572,0.5936771161026425,0.969913715786404,0.9129102150599162,0.6766808165444268,0.844616711139679
Anger,microsoft/speecht5_vc,SAVEE,0.5897366454085695,0.2140253219339582,0.9077767531077068,0.0366073108278214,0.5518439630667369,0.6893350970769893,0.8777755246745667,0.9429545990739202,0.1805740899302893,0.6993397094127742,0.5251553011140044,0.9983980986807082,0.4223212845182423,0.6041745954089695,0.6117887238661448,0.963542456097073,0.8964516705936856,0.7284700300958421,0.7482522838645511
Happiness,microsoft/speecht5_vc,SAVEE,0.5693471102773577,0.2341468243963188,0.9138338141971164,0.0413471989411239,0.5507053035828803,0.7058715440498758,0.8746424482263281,0.9397970302013484,0.1770417814660403,0.6873693823162828,0.5841760179482429,0.9986391690042284,0.4088620810551406,0.5873483392927382,0.6053212569819556,0.9654088894526164,0.9038775497012668,0.7043125602934096,0.7967579934332106
Neutral,microsoft/speecht5_vc,SAVEE,0.5265427381761659,0.1972604917155371,0.918700846698549,-2.538915287004784e-05,0.6168321717116568,0.6674631523137071,0.8540023213951764,0.9417836899892358,0.1721112578279442,0.6352368000453713,0.5483118579311489,0.9982999900976816,0.4379679886131969,0.6616732445028093,0.6114158842298719,0.9581278602282206,0.8928619371520148,0.7602692008018493,0.783504045009613
All,microsoft/speecht5_vc,SAVEE,0.575828854209812,0.2095973160842226,0.9185163246260748,0.0203374599370969,0.5723696227081948,0.6830900335390064,0.8687527343494962,0.9412594929052124,0.1754855025430313,0.6596809316077545,0.5436345819886217,0.9979332400692834,0.4401160003706669,0.6165316327578492,0.5979889045986865,0.9640111871891552,0.9024470637242,0.7236066543393664,0.7987229639457332
Fear,Plachtaa/VALL-E-X,RAVDESS,0.5235591794382151,0.1874385895612447,0.8851839725090109,0.0830207153358851,0.5076529876045559,0.8029532059899388,0.90846609510192,0.9222573578799924,0.4714404919954097,0.8431351597374785,0.7023662155288956,0.954795860078024,0.2910848119577408,0.5987495043031548,0.6171591774277065,0.942597332208053,0.9069822369062382,0.7016547202416088,0.7551615071361479
Anger,Plachtaa/VALL-E-X,RAVDESS,0.4579373720077464,0.1830764975014102,0.8797603256028631,0.0955383626556874,0.4885311247578457,0.8119775308458993,0.915437116678286,0.9279824454726178,0.4726085047561513,0.8553286623308359,0.715405720773657,0.9768326535173084,0.279032531897505,0.6205133845948655,0.6105943687017197,0.9506122204272645,0.9119146991035212,0.718319582550422,0.7682577216916758
Happiness,Plachtaa/VALL-E-X,RAVDESS,0.5045309262779015,0.1580405399081823,0.882575711802296,0.074486518122443,0.4674872709843127,0.7965242263930967,0.9041882581911274,0.9273022815294548,0.4533079934670873,0.8382824535835518,0.7043542996297526,0.9620159171197724,0.3013249953888866,0.5986794311067333,0.5895819239844771,0.9493987647735554,0.908853343323521,0.7040480602046718,0.7669575578006713
Neutral,Plachtaa/VALL-E-X,RAVDESS,0.4925032424935722,0.1886524071856199,0.8970035003579181,0.0417837849856131,0.464611255482811,0.787537758523083,0.887579684108155,0.9184035852467322,0.4832468668160879,0.8143686288061776,0.6991400595577175,0.9420882003462832,0.3057305885181001,0.6473121915174567,0.6026214008907909,0.8917677428411401,0.9091756421586742,0.7409747800101405,0.7409012421317722
Sadness,Plachtaa/VALL-E-X,RAVDESS,0.4619019814708923,0.1752627637318295,0.8743862441700437,0.05812333963347,0.4317554387405676,0.7728644432078922,0.8836560272061691,0.9023733548714068,0.4624704162327006,0.808633633827488,0.6957483445723013,0.917463163966718,0.2967338342886396,0.625180889568899,0.5456621221104718,0.8295364328052687,0.8858649225338645,0.7190423387548198,0.7316041532094064
Disgust,Plachtaa/VALL-E-X,RAVDESS,0.3954276402732776,0.1720904373113349,0.8754133015223171,0.0667660577815379,0.4402969840903888,0.7582421775137322,0.8845165556932727,0.9160494927980676,0.481345548496946,0.8063269277514565,0.6595468634877136,0.9071495884462544,0.311790271260621,0.6260142499661964,0.5838617966915278,0.9095917373247768,0.8981084619527278,0.7377421029883883,0.7430084904088922
All,Plachtaa/VALL-E-X,RAVDESS,0.448479953429004,0.1769839405375735,0.8708823672671249,0.0691436431631292,0.4551050562672729,0.7790867025099103,0.8867013426139683,0.9071163866682224,0.4721062140498796,0.8182710483508536,0.6887434227744912,0.9312529498468276,0.2933313465982834,0.6188354620467061,0.5805290621882802,0.8805403543987136,0.8929513853961143,0.7166873880054639,0.7381549477253271
Neutral,coqui/XTTS-v2,RAVDESS,0.4156309462000873,0.1135745372461236,0.7306659111510152,0.0433447964941202,0.3830564185653043,0.7034116515892034,0.8161382836788601,0.916122883688065,0.1187231311392363,0.7281190354984347,0.6314899270120051,0.975179342472035,0.1091344391969586,0.5263293048609858,0.4495242021006086,0.9547944399325744,0.82819850159728,0.6665207737165949,0.8815302971912466
Fear,coqui/XTTS-v2,RAVDESS,0.3806917153304717,0.1388754609405346,0.7578170908534009,0.080314695464356,0.3767097222254328,0.7567992419857797,0.8564357764710664,0.9256044715442304,0.1948703363887034,0.7852222174043647,0.6621232594499749,0.9792705340229948,0.1134199724099125,0.5421306912017905,0.4699846327952716,0.959350838933302,0.8779323042734809,0.6992884757726089,0.8143300109583399
Sadness,coqui/XTTS-v2,RAVDESS,0.3813828728855836,0.1191815497637119,0.7350988582424496,0.0609276448268919,0.3682311745562955,0.7155777104668751,0.8338391328065393,0.9207489266597014,0.1170044589038614,0.7490756038176118,0.6658217985748786,0.9545306048315504,0.1031669013694863,0.5294782867574174,0.4493071608569311,0.9569511254844458,0.8447438144813413,0.6801102964774423,0.8554392431093298
Happiness,coqui/XTTS-v2,RAVDESS,0.4249657302366518,0.1307175221913696,0.7512623674195745,0.0819405528280818,0.3798594366678077,0.7616402192729675,0.8471679225655899,0.920253804475592,0.1685744496872243,0.7831387965139638,0.6624753843542097,0.982794474972331,0.1237854288432089,0.5248156455547913,0.4587593104933267,0.9543194498704828,0.8657702181650244,0.6865757234070612,0.8579621198384658
Disgust,coqui/XTTS-v2,RAVDESS,0.3795583978545555,0.133664577693233,0.7523430971347768,0.0823143609961097,0.4046132722869515,0.7280693107323092,0.8463591238228523,0.9264139089735784,0.1872924442767449,0.7670447219307925,0.6339703356794921,0.9435342909849208,0.1543757907856327,0.5746674642938635,0.4850975843551366,0.9567275031105332,0.8644204185060833,0.7231128844230071,0.8581159325397533
Anger,coqui/XTTS-v2,RAVDESS,0.3433344208839943,0.131403198202505,0.7349829900523891,0.0900428196555762,0.3565047391811791,0.7756957573147191,0.8659207968544832,0.9215600509502566,0.188896808327864,0.8083122141155643,0.6781964987968783,0.9900714887872988,0.1134528722547333,0.5731418170034885,0.4763129733340895,0.9567583507817724,0.8702879739196404,0.7249579704974008,0.845920539420584
All,coqui/XTTS-v2,RAVDESS,0.3917098026143586,0.1306071626778314,0.7418889839580094,0.074236775955923,0.3853400962589227,0.736444182467194,0.8439949429491563,0.921924759224813,0.1590837497146044,0.7674914575600823,0.6525575948073361,0.9657270291145296,0.1165432685940451,0.5463183269552563,0.4679274038830097,0.955905358860458,0.8574443230594414,0.6972583469705306,0.8538764838723168
Anger,microsoft/speecht5_vc,CREMA-D,0.4505407880102619,0.2825324717633479,0.922572943741306,0.0094893367266492,0.4878077068697297,0.8752584544529025,0.9602723405465496,0.953451799587187,0.3236180586724074,0.8876921567131756,0.7346335687589963,0.9816941782749165,0.3700833443063722,0.6352236047802032,0.6706628972751902,0.9550459182916792,0.9236200587466868,0.8093497478117901,0.7833505147088589
Disgust,microsoft/speecht5_vc,CREMA-D,0.3366238777449397,0.326921554132644,0.946899753529208,-0.0118812801043147,0.515732962937467,0.882618682399172,0.9634930117816544,0.9592475880353004,0.3688543047652229,0.8800427732858243,0.7496593693933283,0.9475199089414464,0.3815340846035484,0.7101745635816381,0.6596353381232032,0.9540738887794452,0.9287949416878304,0.8682262056767229,0.7522170482027029
Happiness,microsoft/speecht5_vc,CREMA-D,0.4184444595937798,0.3247127227823034,0.939316895051712,0.0022345853223058,0.512565529600746,0.8919405622798907,0.9591355999558546,0.9566996427447771,0.3681818254369066,0.8810778205363408,0.7774690278761791,0.973578691352144,0.3550173305078032,0.657524915114223,0.6793969934932182,0.9531390505265696,0.928549428923128,0.8331085668258849,0.7612271041697515
Sadness,microsoft/speecht5_vc,CREMA-D,0.3589358314112544,0.4078617162925436,0.9588433809477656,-0.0196494518388429,0.6026754351473557,0.8933038473873677,0.9669833863865794,0.9609051508305824,0.4104323948310449,0.8763743574002636,0.7863772526061994,0.9410852383979276,0.3695197242436557,0.7223171441443116,0.7068754702142618,0.9553735718048084,0.928502918380352,0.8785352381146324,0.7492940332221909
Fear,microsoft/speecht5_vc,CREMA-D,0.4233750143396306,0.3301653663050635,0.9481015943684272,-0.0103257726069266,0.5060506176956253,0.889559264628575,0.9690125503653536,0.9591301490531986,0.3718291623584552,0.8896237859295517,0.759879359193074,0.9466716574361236,0.3682014307484337,0.6801657390528097,0.6594282574092194,0.9569111956711696,0.9309672589044108,0.8443952536620881,0.740912104824183
Neutral,microsoft/speecht5_vc,CREMA-D,0.3867392789685294,0.3609030773577302,0.9499981221487356,-0.0094397116366396,0.5494423196897951,0.8815968618332158,0.956930456338702,0.9591283856596902,0.3728582292310027,0.8633879578398277,0.7765628826297021,0.9655083359119504,0.3563984977133497,0.6856388164675513,0.7031054662549219,0.9540717465378518,0.9287585471397224,0.8581751011138739,0.7875417731529059
All,microsoft/speecht5_vc,CREMA-D,0.3960000174678942,0.3383041377817078,0.9441475995694814,-0.0065250470398514,0.5285413905904811,0.8858147290874493,0.9627790258264056,0.9580682021344744,0.3692075664708998,0.8801031723187929,0.763788648254952,0.9591905437268154,0.3670494251976883,0.6817468787786429,0.6792756881200425,0.9547864761203528,0.9281850188484658,0.8483956934641237,0.7618026383403365
All,Plachtaa/VALL-E-X,All,0.5832553783024321,0.245040866347622,0.917220885355914,0.042165066464752,0.6343374233775865,0.731605864997402,0.9034859412519992,0.9336544666992654,0.3115619185222157,0.7548452705415805,0.5956867092372522,0.9572920872395236,0.3763078099686621,0.588129443444115,0.6551479048275881,0.9438365026141364,0.9059709030895252,0.7145266065032063,0.7861833256407454
Anger,Plachtaa/VALL-E-X,All,0.5977244569632765,0.239760742382574,0.914284720685783,0.0497598028441252,0.600110905956881,0.748488493796867,0.9166466324321316,0.9376643136337588,0.2771487458216055,0.7734437647844457,0.5970352204362586,0.9742330016758068,0.3363505717026149,0.575254273115752,0.6749937763948477,0.9621698643860106,0.9137289773051228,0.6962881527490948,0.7623265902791968
Neutral,Plachtaa/VALL-E-X,All,0.6101753125500893,0.2461835558354609,0.9277598644593564,0.0254258832829276,0.6523577188624319,0.7176099682984736,0.893315213759061,0.9371618976048856,0.3028249496123253,0.7290560754062045,0.5921604223863071,0.9616230838022706,0.3453453166266904,0.6038444506108959,0.6670481400752167,0.9451299411642186,0.909343704754078,0.7288670134780547,0.7699424032022497
Disgust,Plachtaa/VALL-E-X,All,0.5415122729331553,0.2383648568356,0.9159616884446786,0.0326714100970468,0.5986420684955801,0.7100786371649712,0.8912995296452759,0.9343982148257324,0.3164962976258605,0.728432107871882,0.5788986954902453,0.936453343564505,0.358271037394733,0.600302202997781,0.645462722535397,0.9422235389169644,0.908128925223151,0.7344744431867625,0.7599710179671798
Fear,Plachtaa/VALL-E-X,All,0.62422992726955,0.2565977574879678,0.921366601481522,0.0522254593039647,0.6311347880866706,0.7398542760034788,0.9124200438308616,0.9358495088232262,0.3064939658731625,0.7588194644078066,0.5947817984463326,0.9588087316030076,0.3424822694847994,0.5609643881180948,0.670547416299109,0.9573150247640946,0.9138055167257622,0.6931438200061804,0.7466147649149179
Sadness,Plachtaa/VALL-E-X,All,0.5861107859220243,0.2561994076368979,0.9212500431055468,0.028553186325603,0.6370989014805097,0.7124903121099897,0.8875905365970318,0.9287581065254966,0.3216754721787709,0.716439111277139,0.5921894512340193,0.9409233702615528,0.3543640413650706,0.5849389255485724,0.6352415887497486,0.926455706731046,0.9031609961813816,0.7130212823290275,0.7525383651771744
Happiness,Plachtaa/VALL-E-X,All,0.5928832173308771,0.234917825039512,0.9151080098930638,0.0494907165118171,0.6143035192079039,0.7337251049939689,0.902479877683154,0.9377944162803252,0.3161992468108608,0.7549935131790649,0.607601527279748,0.9651606658354098,0.3447427502030069,0.5774412986880052,0.6571685555028427,0.9572125308804325,0.9121936910578003,0.7138749349637874,0.7657599151786489
All,coqui/XTTS-v2,All,0.5410408243804499,0.243178566026517,0.8570483070236113,0.0385213006630948,0.6017081919130807,0.7127416451721412,0.8731328744016356,0.9386210664627302,0.1993912503888597,0.7255495593196186,0.6023658511209533,0.9768750813188968,0.2314297787014839,0.5384092002038002,0.6140087368427964,0.9602912945727348,0.8904916939496591,0.6993884126500525,0.8356326783896572
Anger,coqui/XTTS-v2,All,0.5756548588401947,0.2460021666180762,0.8532338619143844,0.0467535736944916,0.5631455961615469,0.7399372766573065,0.881680100504075,0.938658164776377,0.20104714402402,0.7493383609543829,0.6258107044937745,0.9918773260463568,0.1980245220257624,0.5184802815040217,0.6205527863434488,0.9634632047536807,0.8989507530738868,0.6863416568500272,0.8097949540092546
Neutral,coqui/XTTS-v2,All,0.553967767916733,0.2365249393965976,0.8524364208144785,0.0222392152354481,0.6266901427495724,0.6711767216618179,0.8468807121924777,0.9368652332600752,0.1559861483532079,0.6752745238074104,0.5815495260312882,0.9807210209053322,0.1865696330034495,0.5308676729402635,0.6157578306067214,0.9640559535632456,0.8807505834973329,0.689139654400582,0.848034499171088
Disgust,coqui/XTTS-v2,All,0.5078396403782164,0.2342558959252318,0.8521690645329615,0.0306246327211245,0.5797875410953162,0.6963335302550617,0.8577091105715112,0.9386741325418716,0.1969850720269166,0.7011436019119348,0.5976190612309304,0.9665457300861436,0.2044247762988947,0.5568278223455176,0.6040873525050587,0.9602914416085736,0.8917694396951552,0.7238564110269045,0.8324729398585918
Fear,coqui/XTTS-v2,All,0.5831594060909446,0.2621699070637217,0.8710026419523653,0.0561670400017821,0.6027581461747634,0.729190098771585,0.8895586179877815,0.9422670184392622,0.1919605481575179,0.7317886423421334,0.6138072097954428,0.9787668897183626,0.2167901306197554,0.5124340581564255,0.6279257865073928,0.9660584766349396,0.9041072901345564,0.677048766284747,0.7929447698054485
Sadness,coqui/XTTS-v2,All,0.5465428906428079,0.2542819583409816,0.8579119117987094,0.0239592518414931,0.6222152312186285,0.6836540340659387,0.852457479382787,0.9390206298902658,0.1765435640500966,0.6777769496786803,0.6186736564612726,0.9674672471441628,0.1863106872524055,0.5293396928848285,0.5838724408275889,0.9650222378465426,0.8876736064575894,0.692416736505632,0.836474430262997
Happiness,coqui/XTTS-v2,All,0.5374784588215734,0.2463164971460966,0.8528370963939109,0.0513642154920228,0.5747067832705098,0.7226716576498031,0.8603273320233172,0.9364113304532974,0.2077649893958098,0.722474991904963,0.6207560143023665,0.9820420422781576,0.1935811159574414,0.5131236949829332,0.607578301804474,0.9591702902031808,0.898595998698666,0.6928534924567806,0.815989375541385
All,OuteAI/OuteTTS-0.2-500M,All,0.5659295690952669,0.2820250145096643,0.9322092177529744,0.0418807585959861,0.6573196159129627,0.7633411094104823,0.9272794707384728,0.9398985000832112,0.342548173240282,0.7918650392114894,0.6071127747788345,0.9280197418370636,0.3761239497525972,0.6119440166220251,0.6914348650544755,0.9453866577012088,0.917002041848861,0.7442717489216081,0.7498504174984012
Anger,OuteAI/OuteTTS-0.2-500M,All,0.6154148995098574,0.2896734321164849,0.9284689543480248,0.045518233056186,0.6206596601193365,0.7916511623805298,0.934177941383598,0.9381253572887877,0.3301769513048173,0.8114672879535869,0.6303656763225635,0.9308552821833062,0.3384102622507365,0.5882739566049465,0.7027046042084284,0.9565363894164594,0.9208019434880472,0.7213208442744018,0.7197286349856595
Neutral,OuteAI/OuteTTS-0.2-500M,All,0.5700417125948565,0.2938669431835599,0.940513597174369,0.0317764741537014,0.6896620385694399,0.7596187944492587,0.9159706629554716,0.942997187139384,0.3636357961529721,0.7776206596120955,0.6308663036319448,0.9267310281879316,0.3378961344612758,0.631456299722291,0.7101880638831377,0.9425115540244564,0.9188003485207612,0.7579870393610348,0.7370351578610296
Disgust,OuteAI/OuteTTS-0.2-500M,All,0.4996226310397255,0.2755964655428734,0.927297986770612,0.0295143687988506,0.5998921024792583,0.7459599497413315,0.9179460893902852,0.9378667602417884,0.3472091480762468,0.7719210214696937,0.5812497011563856,0.8988220893819834,0.3454688312833834,0.6354707121755632,0.6780391258066127,0.9375399889499224,0.9167123921671384,0.7724425695757797,0.7033885808795562
Fear,OuteAI/OuteTTS-0.2-500M,All,0.5920783679226037,0.2883965094013057,0.9342640047965708,0.044810426023477,0.650952968422247,0.7704272558655882,0.934275602401402,0.9409923947007882,0.3279063380690146,0.7854124530071631,0.6154112981242887,0.9404273426957273,0.3405089469200764,0.5814348295226424,0.6962603281763051,0.9436198155553192,0.9237179632706756,0.7255014139242818,0.6953213225248327
Sadness,OuteAI/OuteTTS-0.2-500M,All,0.5140703897865062,0.2985234265959185,0.9421193142364632,0.0427776307393745,0.6619066968489875,0.75715261401696,0.9275241693929868,0.9413765019647377,0.3747283205629352,0.779530073356193,0.6043950224371833,0.8971052147438356,0.3451115798755471,0.6280317926052577,0.6955461013659783,0.9307856899142488,0.9220470641932944,0.7576176630119147,0.7135050306977303
Happiness,OuteAI/OuteTTS-0.2-500M,All,0.5614265421740559,0.2768034342807654,0.9315693018647784,0.0450735272148731,0.648199239562304,0.764308612528294,0.9269402500059932,0.9413540318377368,0.3467565257522489,0.7954737715342067,0.594930957205871,0.9101128994568284,0.3429617327357697,0.6040429444918101,0.6935610540859504,0.9626582896377944,0.9230459389806132,0.7554413268461688,0.732919492508922
All,microsoft/speecht5_vc,All,0.5273916915532423,0.2535086887182134,0.910437894655723,0.019047880673113,0.5358641237926605,0.8097112611423386,0.9288759396505428,0.9430041467176666,0.3588816111588117,0.8168413349132188,0.6728341733895864,0.9770553521454948,0.397081625554175,0.6247859453758275,0.5784050234645718,0.9595555413029856,0.90290667377856,0.7422272753120158,0.8298169384800953
Anger,microsoft/speecht5_vc,All,0.5603612539942509,0.2506763342170905,0.8958106239626715,0.0358263285121379,0.5182146009440094,0.8235143303901777,0.933539766266398,0.9430499302077572,0.3381393294595605,0.8325619662329455,0.6832405457542072,0.989979013696686,0.3438930784528985,0.6090194360590855,0.5953432400658165,0.9624079927289008,0.904823424264562,0.739853816670343,0.7922793005267716
Neutral,microsoft/speecht5_vc,All,0.5237029184578897,0.2517859151787108,0.91583818118828,-0.0037938834583534,0.5343279262665289,0.7889912867801109,0.9149073272298668,0.9431088882525716,0.3254317370092275,0.7861931958848339,0.6619678228313522,0.9796324010908776,0.3698191754844327,0.6378163715614009,0.5627333071070599,0.9621425109551508,0.898789530312045,0.7396356250755903,0.8322433256168817
Disgust,microsoft/speecht5_vc,All,0.5027634873829727,0.2486868152462041,0.9107702846122104,0.0123054240007776,0.5139309197454613,0.814643793827827,0.920700231334433,0.9431451954140502,0.3923549308103857,0.8095778474383679,0.6885327196309848,0.968459853488068,0.3873264535206119,0.6427367422990234,0.5665251774322104,0.9600788262437244,0.9057259560654024,0.7637969598207391,0.8172487745802532
Fear,microsoft/speecht5_vc,All,0.554724489712617,0.2621267093970401,0.913972842332918,0.0264043483592841,0.5140404428239936,0.8244319456960778,0.9388957797126848,0.9450645729082986,0.3741093022667303,0.824739325839634,0.687724247347951,0.9794728471980836,0.3590807287507413,0.6018412348519665,0.5705356834777534,0.9654151743943312,0.9122549521757076,0.7273692533115168,0.7996058764264629
Sadness,microsoft/speecht5_vc,All,0.5363668748755116,0.2739468064872716,0.9234240196729848,-0.0068758475022011,0.5416531750209831,0.8093808106044063,0.925053108557869,0.944196027977515,0.3837554204312527,0.7975936368949461,0.6910075530245205,0.96786402005726,0.3959668104368687,0.6291184368268616,0.5409445199233778,0.9645499841455808,0.9062308453662375,0.7362371291698068,0.8099148502162066
Happiness,microsoft/speecht5_vc,All,0.5259733780961161,0.2619097826609369,0.906033456316641,0.0456820265483625,0.5019521570652874,0.8373312591613886,0.9267603723178252,0.94062069266451,0.4032989844138053,0.8270866914240849,0.7310273710530597,0.9848528099947028,0.3502600355794794,0.608952346278336,0.5717079126111064,0.9599578561496958,0.908178007460809,0.7461250840910161,0.806757119294494
All,WhisperSpeech/WhisperSpeech,All,0.594251194161193,0.2616534712109378,0.9201458744920522,0.0370453648512368,0.6375124086478412,0.7492276092400072,0.908991347729644,0.939439105763541,0.2815304456340564,0.7664632577850264,0.6242512753604126,0.9503892786878542,0.3762164667945539,0.5433177469771412,0.6657198091092231,0.960710062807412,0.9059872862919828,0.6791427557294833,0.7836675616802451
Anger,WhisperSpeech/WhisperSpeech,All,0.6111362213767141,0.2613149371491682,0.9156673668079712,0.053581268231961,0.6180412967842653,0.7798401631102301,0.9157962986325288,0.9413559828167378,0.3291719311560254,0.7839978973875585,0.673337244162718,0.9649298076251768,0.3342901078970997,0.5433030526025042,0.66759466890063,0.9631011384173974,0.9113155586595576,0.6912662174883627,0.7461930554969204
Neutral,WhisperSpeech/WhisperSpeech,All,0.6196645696491684,0.2706617113825637,0.9258134011838636,0.0199964768999037,0.6678352413067686,0.7275520552901873,0.8960713618639727,0.9404923241416248,0.2387132140454299,0.7415068428053122,0.6078890962457226,0.9590155504735826,0.3446572762861427,0.5418253651929755,0.6766228283745541,0.9634965867109728,0.9044997278182072,0.6721818370095161,0.7714163388767972
Disgust,WhisperSpeech/WhisperSpeech,All,0.5450667376201903,0.2559602231094128,0.9214658601266856,0.0296344098780675,0.6283376489752854,0.7262567176622516,0.8972732918303366,0.9403654970301176,0.2676969295707674,0.7410122022559017,0.5993702933654143,0.9241029479673112,0.3483552908154986,0.5542466515247993,0.6760917180108619,0.9600246623604942,0.9103480690359296,0.6954460272374123,0.7457696232004133
Fear,WhisperSpeech/WhisperSpeech,All,0.6338404236581174,0.2772969263983674,0.9247816928631905,0.0501310103850688,0.6414532175577431,0.7726119951090594,0.9165974217032616,0.9418036565089194,0.317702753064308,0.7736323262995028,0.6632672271857663,0.9547771492089948,0.346704643877876,0.5254041941246739,0.6682743253349078,0.9646727703780256,0.9137395231491152,0.6724897636028204,0.7601472372472549
Sadness,WhisperSpeech/WhisperSpeech,All,0.5951902527399188,0.2781505866392632,0.9317176666564422,0.0156326467370425,0.6492091105767026,0.728291677767475,0.9032857457714564,0.941707335297298,0.2607051444117323,0.7355538776062625,0.6016741790104416,0.9406269136263394,0.3468204389313554,0.5297619836693328,0.6666395034204973,0.9655919119763308,0.9112097151025988,0.6699086484925264,0.7515955519713946
Happiness,WhisperSpeech/WhisperSpeech,All,0.6042040782555844,0.2760967558331766,0.9213532711284722,0.0622493213449054,0.6202358821064422,0.7689532390415292,0.902832937280716,0.9387734570957826,0.3000537008718114,0.7712197640148797,0.6615580228163166,0.9572500543088712,0.344237829707897,0.5248034893161777,0.6803420366512306,0.9602042805294668,0.911559406862705,0.6708849290657783,0.7461928241204061
